[{"map": [[Infinity, Infinity, Infinity, Infinity, Infinity, Infinity, Infinity, 0.0, 0.0, 0.0], [Infinity, Infinity, Infinity, Infinity, Infinity, Infinity, Infinity, Infinity, Infinity, 0.0], [Infinity, Infinity, Infinity, Infinity, Infinity, Infinity, Infinity, Infinity, Infinity, 0.0], [Infinity, Infinity, Infinity, Infinity, Infinity, Infinity, Infinity, Infinity, Infinity, 0.0], [Infinity, Infinity, Infinity, Infinity, Infinity, Infinity, Infinity, Infinity, Infinity, 0.0], [0.0, 0.0, 0.0, 0.0, 0.0, 0.0, 0.0, 0.0, 0.0, 0.0], [0.0, Infinity, 0.0, 0.0, 0.0, 0.0, 0.0, 0.0, 0.0, 0.0], [0.0, Infinity, 0.0, Infinity, Infinity, Infinity, Infinity, Infinity, Infinity, 0.0], [0.0, Infinity, 0.0, Infinity, Infinity, Infinity, Infinity, Infinity, Infinity, 0.0], [0.0, 0.0, 0.0, 0.0, 0.0, 0.0, 0.0, 0.0, 0.0, 0.0]], "start": [7, 9], "end": [9, 2], "distances": [[Infinity, Infinity, Infinity, Infinity, Infinity, Infinity, Infinity, 9.0, 8.0, 7.0], [Infinity, Infinity, Infinity, Infinity, Infinity, Infinity, Infinity, Infinity, Infinity, 6.0], [Infinity, Infinity, Infinity, Infinity, Infinity, Infinity, Infinity, Infinity, Infinity, 5.0], [Infinity, Infinity, Infinity, Infinity, Infinity, Infinity, Infinity, Infinity, Infinity, 4.0], [Infinity, Infinity, Infinity, Infinity, Infinity, Infinity, Infinity, Infinity, Infinity, 3.0], [11.0, 10.0, 9.0, 8.0, 7.0, 6.0, 5.0, 4.0, 3.0, 2.0], [12.0, Infinity, 8.0, 7.0, 6.0, 5.0, 4.0, 3.0, 2.0, 1.0], [13.0, Infinity, 9.0, Infinity, Infinity, Infinity, Infinity, Infinity, Infinity, 0.0], [12.0, Infinity, 10.0, Infinity, Infinity, Infinity, Infinity, Infinity, Infinity, 1.0], [11.0, 10.0, 9.0, 8.0, 7.0, 6.0, 5.0, 4.0, 3.0, 2.0]], "path": [[9, 2], [9, 3], [9, 4], [9, 5], [9, 6], [9, 7], [9, 8], [9, 9], [8, 9]]}, {"map": [[0.0, Infinity, Infinity, Infinity, 0.0, 0.0, 0.0, 0.0, 0.0, 0.0], [0.0, Infinity, Infinity, Infinity, 0.0, 0.0, 0.0, 0.0, 0.0, 0.0], [0.0, Infinity, Infinity, Infinity, 0.0, 0.0, 0.0, 0.0, 0.0, 0.0], [0.0, Infinity, Infinity, Infinity, Infinity, 0.0, Infinity, Infinity, Infinity, 0.0], [0.0, Infinity, Infinity, Infinity, Infinity, 0.0, Infinity, Infinity, Infinity, 0.0], [0.0, Infinity, Infinity, 0.0, 0.0, 0.0, Infinity, Infinity, 0.0, 0.0], [0.0, Infinity, Infinity, Infinity, Infinity, 0.0, Infinity, Infinity, 0.0, 0.0], [0.0, 0.0, 0.0, 0.0, 0.0, 0.0, 0.0, 0.0, 0.0, 0.0], [Infinity, Infinity, Infinity, Infinity, Infinity, 0.0, Infinity, Infinity, Infinity, 0.0], [Infinity, Infinity, Infinity, Infinity, Infinity, 0.0, 0.0, 0.0, 0.0, 0.0]], "start": [6, 5], "end": [1, 8], "distances": [[13.0, Infinity, Infinity, Infinity, 7.0, 6.0, 7.0, 8.0, 9.0, 10.0], [12.0, Infinity, Infinity, Infinity, 6.0, 5.0, 6.0, 7.0, 8.0, 9.0], [11.0, Infinity, Infinity, Infinity, 5.0, 4.0, 5.0, 6.0, 7.0, 8.0], [10.0, Infinity, Infinity, Infinity, Infinity, 3.0, Infinity, Infinity, Infinity, 9.0], [9.0, Infinity, Infinity, Infinity, Infinity, 2.0, Infinity, Infinity, Infinity, 8.0], [8.0, Infinity, Infinity, 3.0, 2.0, 1.0, Infinity, Infinity, 6.0, 7.0], [7.0, Infinity, Infinity, Infinity, Infinity, 0.0, Infinity, Infinity, 5.0, 6.0], [6.0, 5.0, 4.0, 3.0, 2.0, 1.0, 2.0, 3.0, 4.0, 5.0], [Infinity, Infinity, Infinity, Infinity, Infinity, 2.0, Infinity, Infinity, Infinity, 6.0], [Infinity, Infinity, Infinity, Infinity, Infinity, 3.0, 4.0, 5.0, 6.0, 7.0]], "path": [[1, 8], [2, 8], [2, 7], [2, 6], [2, 5], [3, 5], [4, 5], [5, 5]]}, {"map": [[0.0, 0.0, 0.0, 0.0, 0.0, 0.0, 0.0, 0.0, 0.0, Infinity], [0.0, Infinity, Infinity, Infinity, Infinity, 0.0, Infinity, Infinity, Infinity, Infinity], [0.0, Infinity, 0.0, Infinity, Infinity, 0.0, Infinity, Infinity, Infinity, Infinity], [Infinity, Infinity, 0.0, Infinity, Infinity, 0.0, Infinity, Infinity, Infinity, Infinity], [Infinity, Infinity, 0.0, Infinity, Infinity, 0.0, Infinity, Infinity, Infinity, Infinity], [Infinity, Infinity, 0.0, Infinity, Infinity, 0.0, Infinity, Infinity, Infinity, Infinity], [Infinity, Infinity, 0.0, Infinity, Infinity, 0.0, Infinity, Infinity, Infinity, Infinity], [Infinity, Infinity, 0.0, 0.0, 0.0, 0.0, Infinity, Infinity, Infinity, Infinity], [Infinity, Infinity, Infinity, Infinity, Infinity, Infinity, Infinity, Infinity, Infinity, Infinity], [Infinity, Infinity, Infinity, Infinity, Infinity, Infinity, Infinity, Infinity, Infinity, Infinity]], "start": [4, 2], "end": [6, 5], "distances": [[18.0, 17.0, 16.0, 15.0, 14.0, 13.0, 14.0, 15.0, 16.0, Infinity], [19.0, Infinity, Infinity, Infinity, Infinity, 12.0, Infinity, Infinity, Infinity, Infinity], [20.0, Infinity, 2.0, Infinity, Infinity, 11.0, Infinity, Infinity, Infinity, Infinity], [Infinity, Infinity, 1.0, Infinity, Infinity, 10.0, Infinity, Infinity, Infinity, Infinity], [Infinity, Infinity, 0.0, Infinity, Infinity, 9.0, Infinity, Infinity, Infinity, Infinity], [Infinity, Infinity, 1.0, Infinity, Infinity, 8.0, Infinity, Infinity, Infinity, Infinity], [Infinity, Infinity, 2.0, Infinity, Infinity, 7.0, Infinity, Infinity, Infinity, Infinity], [Infinity, Infinity, 3.0, 4.0, 5.0, 6.0, Infinity, Infinity, Infinity, Infinity], [Infinity, Infinity, Infinity, Infinity, Infinity, Infinity, Infinity, Infinity, Infinity, Infinity], [Infinity, Infinity, Infinity, Infinity, Infinity, Infinity, Infinity, Infinity, Infinity, Infinity]], "path": [[6, 5], [7, 5], [7, 4], [7, 3], [7, 2], [6, 2], [5, 2]]}]